pair_csv_name,station_a,station_b,count,mean,median,std,min,p05,p10,p90,p95,max,time_ratio_rel_lt_0.95,time_ratio_rel_lt_0.98,time_ratio_rel_ge_0.99
region1--station0-region2--station5.csv,0,5,86165.0,0.951357591284262,0.9586757785760099,0.017362507161999576,0.9117324566968131,0.9209418754513263,0.9209418754513263,0.969328701,0.969328701,0.970299,0.33576278071142573,1.0,0.0
region1--station0-region2--station6.csv,0,6,86165.0,0.9475303613692626,0.954846823682633,0.01496266882516297,0.9218637391905169,0.9227865257162331,0.9227865257162331,0.96059601,0.968359372299,0.969328701,0.4015667614460628,1.0,0.0
region1--station0-region2--station7.csv,0,7,86165.0,0.9604763856436471,0.968359372299,0.021081756843020234,0.9053284022567368,0.9135586604590709,0.91630482694172,0.9781407801,0.9781407801,0.9781407801,0.18772123251900424,1.0,0.0
region1--station0-region2--station8.csv,0,8,86165.0,0.9463095539705237,0.9481399317694595,0.012595334514634215,0.9227865257162331,0.9311754941318353,0.9311754941318353,0.95963541399,0.96059601,0.96059601,0.5176579817791447,1.0,0.0
region1--station0-region2--station9.csv,0,9,86165.0,0.9474062753420531,0.9577171027974339,0.014349579495079569,0.9209418754513263,0.9218637391905169,0.9227865257162331,0.95963541399,0.95963541399,0.95963541399,0.3966111530203679,1.0,0.0
region1--station0-region2--station10.csv,0,10,86165.0,0.9506874687706616,0.9586757785760099,0.01745632784213794,0.9126451017986117,0.9209418754513263,0.9218637391905169,0.968359372299,0.968359372299,0.968359372299,0.3399872337956247,1.0,0.0
region1--station0-region2--station11.csv,0,11,86165.0,0.9435515708606284,0.9481829143139127,0.009429773059564052,0.91630482694172,0.9255604312542626,0.9255604312542626,0.9510331616504121,0.9510331616504121,0.9596789176654158,0.6688910810653977,1.0,0.0
region1--station0-region2--station12.csv,0,12,86165.0,0.9503811549051898,0.9577605195090028,0.013561741087540286,0.9062346368936304,0.9153885221147783,0.9302021492765239,0.9606395572226385,0.9606395572226385,0.976229730629011,0.3657053327917368,1.0,0.0
region1--station0-region2--station13.csv,0,13,86165.0,0.9467056715003321,0.9510331616504121,0.011888477148629858,0.9153885221147783,0.9237102359521853,0.9246348708230083,0.9596789176654158,0.9596789176654158,0.9606395572226385,0.488017176347705,1.0,0.0
region1--station0-region2--station14.csv,0,14,86165.0,0.9430150542325297,0.9424652953292371,0.008477833130626947,0.91630482694172,0.9255604312542626,0.9255604312542626,0.9519851467972092,0.9519851467972092,0.9596789176654158,0.6939244472813787,1.0,0.0
region1--station0-region2--station15.csv,0,15,86165.0,0.9481384462342727,0.9500821284887616,0.014640332032315262,0.9062346368936304,0.91630482694172,0.9209001277837586,0.9587192387477504,0.9587192387477504,0.9752535008983819,0.4786862415133755,1.0,0.0
region1--station0-region2--station16.csv,0,16,86165.0,0.9474445937812354,0.9500821284887616,0.013847758244526123,0.9071417786723028,0.91630482694172,0.9209001277837586,0.9587192387477504,0.9587192387477504,0.9674348681909118,0.4215052515522544,1.0,0.0
region1--station0-region2--station17.csv,0,17,86165.0,0.9466355695165031,0.9491320463602728,0.013035159646385967,0.9071417786723028,0.91630482694172,0.9302021492765239,0.9596789176654158,0.9596789176654158,0.9674348681909118,0.5271862124992747,1.0,0.0
region1--station0-region2--station18.csv,0,18,86165.0,0.9512921289360695,0.9500821284887616,0.013202684179883174,0.9062346368936304,0.9209001277837586,0.9218219497334922,0.9587192387477504,0.9674348681909118,0.9841194418156399,0.35572448209829977,0.996332617652179,0.0
region1--station0-region2--station19.csv,0,19,86165.0,0.9548354368695834,0.9587192387477504,0.012316881724217485,0.9126037302361572,0.9218219497334922,0.9491320463602728,0.9684032714623741,0.9684032714623741,0.985104546362002,0.186862415133755,0.995938025880578,0.0
region1--station0-region2--station20.csv,0,20,86165.0,0.9580073674654588,0.9596789176654158,0.012854294750133624,0.9116911265059211,0.9218219497334922,0.9500821284887616,0.9684032714623741,0.9693726441064806,0.986090636999001,0.0699239830557651,0.9844832588638078,0.0
region1--station0-region2--station21.csv,0,21,86165.0,0.9601369309309199,0.9606395572226385,0.013226017809537914,0.9116911265059211,0.9227446944279201,0.9510331616504121,0.9693726441064806,0.9703429870935742,0.9870777147137147,0.07564556374397957,0.9802123832182441,0.0
region1--station0-region2--station22.csv,0,22,86165.0,0.9548547456111508,0.9587192387477504,0.012333912793481169,0.9053284022567368,0.9218219497334922,0.9311332825590829,0.9684032714623741,0.9684032714623741,0.985104546362002,0.20393431207566878,0.9982011257471131,0.0
region1--station0-region2--station23.csv,0,23,86165.0,0.9595893345584519,0.9664236219137744,0.020361966952466008,0.9044230738544801,0.9135586604590709,0.9172220489907107,0.9771626393199,0.9771626393199,0.9771626393199,0.1850287239598445,1.0,0.0
region1--station0-region2--station24.csv,0,24,86165.0,0.955373406632625,0.9644917410935687,0.018895168900148356,0.9035186507806255,0.9126451017986117,0.9209418754513263,0.968359372299,0.968359372299,0.9761854766805801,0.21616665699529972,1.0,0.0
region1--station0-region2--station25.csv,0,25,86165.0,0.9556173099881612,0.9644917410935687,0.019417166221905695,0.9044230738544801,0.9126451017986117,0.9209418754513263,0.968359372299,0.968359372299,0.9771626393199,0.2266581558637498,1.0,0.0
region1--station0-region2--station26.csv,0,26,86165.0,0.9591540617293077,0.9654571982918606,0.020078267321547768,0.9044230738544801,0.9126451017986117,0.9172220489907107,0.9761854766805801,0.9771626393199,0.9771626393199,0.18472697731097312,1.0,0.0
region1--station0-region2--station27.csv,0,27,86165.0,0.9624382387367205,0.968359372299,0.02050851649729872,0.9035186507806255,0.9126451017986117,0.9172220489907107,0.9771626393199,0.9771626393199,0.9771626393199,0.1563511866767249,1.0,0.0
region1--station0-region2--station28.csv,0,28,86165.0,0.9547619264829524,0.9644917410935687,0.019277675336186777,0.9126451017986117,0.9135586604590709,0.9218637391905169,0.968359372299,0.969328701,0.9771626393199,0.2412232344919631,1.0,0.0
region1--station0-region2--station29.csv,0,29,86165.0,0.9660822398761302,0.9752092912038995,0.021175706806899303,0.9044230738544801,0.9135586604590709,0.9172220489907107,0.9781407801,0.9781407801,0.98604593604099,0.14039343120756687,0.994870306969187,0.0
region1--station0-region2--station30.csv,0,30,86165.0,0.9558795129027362,0.9635272493524751,0.017579732358576478,0.9035186507806255,0.9117324566968131,0.9209418754513263,0.967391012926701,0.967391012926701,0.9752092912038995,0.20213543782278187,1.0,0.0
region1--station1-region2--station5.csv,1,5,86165.0,0.9415545337574575,0.9405813072038739,0.0056980982743502296,0.926486918172435,0.9330406423759448,0.9349095265194572,0.9509900498999999,0.9509900498999999,0.9509900498999999,0.8575871873730633,1.0,0.0
region1--station1-region2--station6.csv,1,6,86165.0,0.9460109586901634,0.9471917918376901,0.005625404593898527,0.9377198739193133,0.938658532451765,0.938658532451765,0.9538919768589503,0.9538919768589503,0.9625637221031226,0.6919514884233737,1.0,0.0
region1--station1-region2--station7.csv,1,7,86165.0,0.9501975584652484,0.9577171027974339,0.011301073390832814,0.9302443186377035,0.9311754941318353,0.9311754941318353,0.95963541399,0.95963541399,0.969328701,0.38571345673997565,1.0,0.0
region1--station1-region2--station8.csv,1,8,86165.0,0.9438019921412666,0.9396407258966701,0.006188953321073279,0.9283426751801201,0.936782154045394,0.9377198739193133,0.9519851467972092,0.9529380848820913,0.9529380848820913,0.7716474206464342,1.0,0.0
region1--station1-region2--station9.csv,1,9,86165.0,0.9417646315857788,0.9396407258966701,0.005291111511368787,0.92741433250494,0.9358453718913485,0.936782154045394,0.9510331616504121,0.9510331616504121,0.9510331616504121,0.8083676666860093,1.0,0.0
region1--station1-region2--station10.csv,1,10,86165.0,0.9415597903810006,0.9405813072038739,0.005247735776398498,0.9311754941318353,0.9330406423759448,0.9358453718913485,0.9500390598501,0.9509900498999999,0.9509900498999999,0.8227354494284222,1.0,0.0
region1--station1-region2--station11.csv,1,11,86165.0,0.9675190238114695,0.9703429870935742,0.0077341779407552845,0.9107794353794151,0.9616011583810194,0.9616011583810194,0.9722865879829521,0.979164286976243,0.9890548353295384,0.01278941565600882,0.9533569314686938,0.0
region1--station1-region2--station12.csv,1,12,86165.0,0.970961495515979,0.9713143013949691,0.007153115978146446,0.9616011583810194,0.9625637221031226,0.9625637221031226,0.9811255569646153,0.9811255569646153,0.9900448802097482,0.0,0.7577902860790344,9.28451227296466e-05
region1--station1-region2--station13.csv,1,13,86165.0,0.9705242144219722,0.9713143013949691,0.006144174741747674,0.9107794353794151,0.9625637221031226,0.9625637221031226,0.9801444314076507,0.9811255569646153,0.9890548353295384,0.00039459177160099806,0.8416062206232229,0.0
region1--station1-region2--station14.csv,1,14,86165.0,0.9661965726427245,0.9703429870935742,0.011815143092782908,0.9089587872880917,0.9616011583810194,0.9616011583810194,0.9722865879829521,0.9801444314076507,0.9890548353295384,0.04898740788022979,0.9319793419601926,0.0
region1--station1-region2--station15.csv,1,15,86165.0,0.9624479095389906,0.9616011583810194,0.012399391058025188,0.9089587872880917,0.919059248428319,0.9519851467972092,0.9703429870935742,0.9713143013949691,0.9880657804942089,0.0511924795450589,0.9920385307259328,0.0
region1--station1-region2--station16.csv,1,16,86165.0,0.9660177341500447,0.9616011583810194,0.006792435616705267,0.9098686559440358,0.9606395572226385,0.9606395572226385,0.9703429870935742,0.9713143013949691,0.9880657804942089,0.0034352695409969247,0.9771949167295305,0.0
region1--station1-region2--station17.csv,1,17,86165.0,0.9667921371060381,0.9625637221031226,0.006499216133510701,0.9616011583810194,0.9616011583810194,0.9616011583810194,0.9801444314076507,0.9801444314076507,0.9890548353295384,0.0,0.8992050136366274,0.0
region1--station1-region2--station18.csv,1,18,86165.0,0.9606323751916016,0.9625637221031226,0.01503851507102133,0.9098686559440358,0.919059248428319,0.9519851467972092,0.9713143013949691,0.9713143013949691,0.9880657804942089,0.09888005570707364,0.9974931816862995,0.0
region1--station1-region2--station19.csv,1,19,86165.0,0.9646158442614314,0.9703429870935742,0.01358486034462738,0.9089587872880917,0.9199792276559748,0.9616011583810194,0.9722865879829521,0.9722865879829521,0.9890548353295384,0.07156037834387512,0.9712296175941507,0.0
region1--station1-region2--station20.csv,1,20,86165.0,0.9625163682390858,0.9644917410935687,0.015237508879647348,0.9172220489907107,0.9283426751801201,0.9292719471272474,0.9732598478307829,0.9732598478307829,0.9811255569646153,0.13232751117042882,0.9595311321302152,0.0
region1--station1-region2--station21.csv,1,21,86165.0,0.9646228257705664,0.9713143013949691,0.01565778207294139,0.9172220489907107,0.9302021492765239,0.9302021492765239,0.9801444314076507,0.9811255569646153,0.9890548353295384,0.1333023849590901,0.8928451227296466,0.0
region1--station1-region2--station22.csv,1,22,86165.0,0.9683531812262418,0.9713143013949691,0.010253167246869066,0.9080498285008035,0.9616011583810194,0.9616011583810194,0.9801444314076507,0.9811255569646153,0.9890548353295384,0.028770382405849244,0.897998027041142,0.0
region1--station1-region2--station23.csv,1,23,86165.0,0.9507288029140784,0.9567593856946366,0.010527283133947381,0.9302443186377035,0.9311754941318353,0.9321076017335689,0.95963541399,0.96059601,0.970299,0.395264898740788,1.0,0.0
region1--station1-region2--station24.csv,1,24,86165.0,0.950680265483947,0.9481399317694595,0.0071354802252811345,0.9330406423759448,0.9415228300339079,0.9415228300339079,0.95963541399,0.96059601,0.96059601,0.5432716300121859,1.0,0.0
region1--station1-region2--station25.csv,1,25,86165.0,0.9498326439565798,0.9481399317694595,0.007681077836883191,0.9321076017335689,0.9377198739193133,0.9405813072038739,0.95963541399,0.95963541399,0.96059601,0.5701502930424186,1.0,0.0
region1--station1-region2--station26.csv,1,26,86165.0,0.9510223221260559,0.9567593856946366,0.009964948343941802,0.9311754941318353,0.9321076017335689,0.9321076017335689,0.95963541399,0.96059601,0.970299,0.40490918586433006,1.0,0.0
region1--station1-region2--station27.csv,1,27,86165.0,0.9525326606879585,0.9577171027974339,0.012197846529621935,0.9227865257162331,0.9311754941318353,0.9321076017335689,0.968359372299,0.970299,0.970299,0.356641327685255,1.0,0.0
region1--station1-region2--station28.csv,1,28,86165.0,0.9490868109517877,0.9471917918376901,0.007552847350645346,0.9321076017335689,0.9377198739193133,0.9405813072038739,0.95963541399,0.95963541399,0.96059601,0.619787616781756,1.0,0.0
region1--station1-region2--station29.csv,1,29,86165.0,0.9531144864483383,0.9577171027974339,0.01473862158475677,0.9218637391905169,0.9302443186377035,0.9311754941318353,0.969328701,0.969328701,0.970299,0.329402889804445,1.0,0.0
region1--station1-region2--station30.csv,1,30,86165.0,0.9520814700701703,0.9519851467972092,0.006451170367833069,0.938658532451765,0.9424652953292371,0.9424652953292371,0.96059601,0.96059601,0.9644917410935687,0.4609876399930366,1.0,0.0
region1--station2-region2--station5.csv,2,5,86165.0,0.9436877386728558,0.9462446000458524,0.01022667455154244,0.9227865257162331,0.9311754941318353,0.9311754941318353,0.95963541399,0.96059601,0.96059601,0.7349619915278826,1.0,0.0
region1--station2-region2--station6.csv,2,6,86165.0,0.9452960679407886,0.9471917918376901,0.008640556161822683,0.9209418754513263,0.9302443186377035,0.9302443186377035,0.9586757785760099,0.95963541399,0.95963541399,0.7317472291533685,1.0,0.0
region1--station2-region2--station7.csv,2,7,86165.0,0.9541250700573264,0.9664236219137744,0.018899059232202402,0.9117324566968131,0.9200209335758751,0.9209418754513263,0.970299,0.970299,0.970299,0.29469041954389835,1.0,0.0
region1--station2-region2--station8.csv,2,8,86165.0,0.9427764191360791,0.9424652953292371,0.0062622588796033595,0.9302443186377035,0.9302443186377035,0.9311754941318353,0.9490890207902498,0.9490890207902498,0.9510331616504121,0.997121801195381,1.0,0.0
region1--station2-region2--station9.csv,2,9,86165.0,0.9429237803012823,0.9415228300339079,0.006304767031871211,0.9311754941318353,0.9321076017335689,0.9321076017335689,0.9500390598501,0.9500390598501,0.9586757785760099,0.8795102419776011,1.0,0.0
region1--station2-region2--station10.csv,2,10,86165.0,0.9438019055290638,0.9462446000458524,0.010061657978843366,0.9237102359521853,0.9321076017335689,0.9321076017335689,0.95963541399,0.95963541399,0.96059601,0.7168804038762838,1.0,0.0
region1--station2-region2--station11.csv,2,11,86165.0,0.954323475142918,0.9616011583810194,0.015597759161073279,0.9172220489907107,0.9181401891798906,0.9283426751801201,0.9684032714623741,0.9693726441064806,0.9703429870935742,0.19672720942377997,1.0,0.0
region1--station2-region2--station12.csv,2,12,86165.0,0.9631334825196723,0.9693726441064806,0.0138790942311587,0.9107794353794151,0.9199792276559748,0.9519851467972092,0.9713143013949691,0.9713143013949691,0.9880657804942089,0.07790866361051471,0.9821853420762491,0.0
region1--station2-region2--station13.csv,2,13,86165.0,0.958986459353703,0.9625637221031226,0.014658932448908056,0.9071417786723028,0.9209001277837586,0.9292719471272474,0.9713143013949691,0.9713143013949691,0.979164286976243,0.13247838449486452,1.0,0.0
region1--station2-region2--station14.csv,2,14,86165.0,0.954066659878595,0.9606395572226385,0.014690176458070898,0.9172220489907107,0.926486918172435,0.9302021492765239,0.9684032714623741,0.9693726441064806,0.9713143013949691,0.22020541983403935,1.0,0.0
region1--station2-region2--station15.csv,2,15,86165.0,0.9592381691139625,0.9596789176654158,0.012409373049566515,0.9016716410256209,0.9510331616504121,0.9510331616504121,0.9684032714623741,0.9693726441064806,0.9870777147137147,0.044066616375558525,0.9791446643068531,0.0
region1--station2-region2--station16.csv,2,16,86165.0,0.9585887713037541,0.9606395572226385,0.014318381627015025,0.9089587872880917,0.919059248428319,0.9510331616504121,0.9693726441064806,0.9703429870935742,0.9870777147137147,0.08125108802878199,0.9928045029884524,0.0
region1--station2-region2--station17.csv,2,17,86165.0,0.9597528965277141,0.9606395572226385,0.014010144371927625,0.9080498285008035,0.9199792276559748,0.9510331616504121,0.9703429870935742,0.9703429870935742,0.9870777147137147,0.08949109267103812,0.9959844484419428,0.0
region1--station2-region2--station18.csv,2,18,86165.0,0.9613111161098057,0.9606395572226385,0.012292383699528349,0.9098686559440358,0.9510331616504121,0.9519851467972092,0.9693726441064806,0.9703429870935742,0.9870777147137147,0.04107236116752742,0.9797481576045959,0.0
region1--station2-region2--station19.csv,2,19,86165.0,0.9636196014936458,0.9616011583810194,0.012318620391304063,0.9107794353794151,0.9519851467972092,0.9606395572226385,0.9703429870935742,0.9713143013949691,0.9880657804942089,0.04783844948645041,0.9794231996750421,0.0
region1--station2-region2--station20.csv,2,20,86165.0,0.964346147171391,0.9703429870935742,0.014154279198186799,0.9116911265059211,0.9209001277837586,0.9616011583810194,0.9722865879829521,0.9801444314076507,0.9890548353295384,0.08140196135321766,0.9377009226484071,0.0
region1--station2-region2--station21.csv,2,21,86165.0,0.9665213149083387,0.9713143013949691,0.014486652110740319,0.9199792276559748,0.9218219497334922,0.9616011583810194,0.9801444314076507,0.9811255569646153,0.9890548353295384,0.08296872279928046,0.8761910288400162,0.0
region1--station2-region2--station22.csv,2,22,86165.0,0.9645137769991741,0.9616011583810194,0.011479268688815648,0.9107794353794151,0.9606395572226385,0.9616011583810194,0.9703429870935742,0.979164286976243,0.9880657804942089,0.03529275227760692,0.9660186850809493,0.0
region1--station2-region2--station23.csv,2,23,86165.0,0.9545819200651785,0.9654571982918606,0.017979373674047037,0.9117324566968131,0.9209418754513263,0.9209418754513263,0.970299,0.970299,0.970299,0.2919979109847386,1.0,0.0
region1--station2-region2--station24.csv,2,24,86165.0,0.9523882198609109,0.9558026263089419,0.013293258553314825,0.9218637391905169,0.9311754941318353,0.9311754941318353,0.969328701,0.969328701,0.970299,0.33283815934544186,1.0,0.0
region1--station2-region2--station25.csv,2,25,86165.0,0.9515160654220018,0.9567593856946366,0.014102063502078582,0.9209418754513263,0.9302443186377035,0.9302443186377035,0.968359372299,0.969328701,0.970299,0.34414205303777634,1.0,0.0
region1--station2-region2--station26.csv,2,26,86165.0,0.9544909685227448,0.9644917410935687,0.017384054394971364,0.9209418754513263,0.9209418754513263,0.9218637391905169,0.970299,0.970299,0.970299,0.29169616433586726,1.0,0.0
region1--station2-region2--station27.csv,2,27,86165.0,0.9565301319208702,0.9664236219137744,0.017961084635712766,0.9209418754513263,0.9209418754513263,0.9209418754513263,0.970299,0.970299,0.9781407801,0.263320373701619,1.0,0.0
region1--station2-region2--station28.csv,2,28,86165.0,0.9505885595745966,0.9567593856946366,0.013718864611673848,0.9209418754513263,0.9302443186377035,0.9302443186377035,0.967391012926701,0.969328701,0.970299,0.3689781233679568,1.0,0.0
region1--station2-region2--station29.csv,2,29,86165.0,0.9573935790733099,0.967391012926701,0.020181662743662513,0.9108207242401164,0.9117324566968131,0.9200209335758751,0.970299,0.970299,0.9801,0.24736261823246097,0.9994545349039633,0.0
region1--station2-region2--station30.csv,2,30,86165.0,0.9533212615342935,0.9558026263089419,0.012082742466268023,0.9292719471272474,0.9321076017335689,0.9330406423759448,0.968359372299,0.969328701,0.969328701,0.3344629489932107,1.0,0.0
region1--station3-region2--station5.csv,3,5,86165.0,0.9445148549245124,0.9443530570903608,0.004840208617904892,0.9293140743190658,0.938658532451765,0.9387010851707734,0.9490890207902498,0.9500390598501,0.9529380848820913,0.9108686821795392,1.0,0.0
region1--station3-region2--station6.csv,3,6,86165.0,0.9415805104639662,0.9424652953292371,0.00598588278569414,0.9302443186377035,0.9311754941318353,0.9358453718913485,0.9509900498999999,0.9509900498999999,0.9510331616504121,0.8366041896361631,1.0,0.0
region1--station3-region2--station7.csv,3,7,86165.0,0.9473216270674646,0.954846823682633,0.014783235942654514,0.9135586604590709,0.9218637391905169,0.9218637391905169,0.96059601,0.968359372299,0.969328701,0.41422851505831837,1.0,0.0
region1--station3-region2--station8.csv,3,8,86165.0,0.9417822284395593,0.9405813072038739,0.004224978235910485,0.9283426751801201,0.936782154045394,0.936782154045394,0.9490890207902498,0.9491320463602728,0.9500821284887616,0.9600765972262519,1.0,0.0
region1--station3-region2--station9.csv,3,9,86165.0,0.9417135010381208,0.9396407258966701,0.003966686333598445,0.9302443186377035,0.9377198739193133,0.938658532451765,0.9481399317694595,0.9481399317694595,0.9510331616504121,0.970962687866303,1.0,0.0
region1--station3-region2--station10.csv,3,10,86165.0,0.9430605520711057,0.9434087040332704,0.006332930535630321,0.9293140743190658,0.9302443186377035,0.9302443186377035,0.9490890207902498,0.9490890207902498,0.9519851467972092,0.9962397725294493,1.0,0.0
region1--station3-region2--station11.csv,3,11,86165.0,0.9534483181342766,0.9577605195090028,0.013385425256485006,0.9062346368936304,0.9209001277837586,0.9302021492765239,0.9684032714623741,0.9684032714623741,0.9841194418156399,0.2807288342134277,0.9995589856670342,0.0
region1--station3-region2--station12.csv,3,12,86165.0,0.9577992582417156,0.9596789176654158,0.012049755283579293,0.9116911265059211,0.9218219497334922,0.9500821284887616,0.9684032714623741,0.9684032714623741,0.986090636999001,0.05644983461962514,0.9819300179887426,0.0
region1--station3-region2--station13.csv,3,13,86165.0,0.9567885872675239,0.9587192387477504,0.012920674001560894,0.9116911265059211,0.9218219497334922,0.9500821284887616,0.9693726441064806,0.9693726441064806,0.986090636999001,0.08499970985899147,0.9964718853362734,0.0
region1--station3-region2--station14.csv,3,14,86165.0,0.95320581678723,0.9587192387477504,0.013147513323172138,0.9062346368936304,0.9218219497334922,0.9311332825590829,0.9674348681909118,0.9684032714623741,0.9772069375665776,0.2212615331050891,1.0,0.0
region1--station3-region2--station15.csv,3,15,86165.0,0.9509335549802733,0.9491320463602728,0.012815950662059282,0.8989693302157955,0.9199792276559748,0.9481829143139127,0.9587192387477504,0.9664674333227209,0.9841194418156399,0.5091394417686996,0.9837985260836767,0.0
region1--station3-region2--station16.csv,3,16,86165.0,0.954153480353308,0.9577605195090028,0.011156936422478928,0.9107794353794151,0.9491320463602728,0.9491320463602728,0.9587192387477504,0.9674348681909118,0.985104546362002,0.3707421806998201,0.9786340161318401,0.0
region1--station3-region2--station17.csv,3,17,86165.0,0.9546919645396028,0.9577605195090028,0.011864740843771928,0.9116911265059211,0.9209001277837586,0.9491320463602728,0.9674348681909118,0.9674348681909118,0.985104546362002,0.15143039517205362,0.9865142459235189,0.0
region1--station3-region2--station18.csv,3,18,86165.0,0.9527493974286033,0.9577605195090028,0.013033989231087577,0.8989693302157955,0.9209001277837586,0.9302021492765239,0.9674348681909118,0.9684032714623741,0.9841194418156399,0.28600940056867635,0.9899843323855394,0.0
region1--station3-region2--station19.csv,3,19,86165.0,0.9560705724169785,0.9587192387477504,0.012678960362174462,0.9053284022567368,0.9218219497334922,0.9491320463602728,0.9684032714623741,0.9693726441064806,0.985104546362002,0.1271049730168862,0.9854349213717867,0.0
region1--station3-region2--station20.csv,3,20,86165.0,0.9558682837773836,0.9596789176654158,0.013383283735978467,0.9053284022567368,0.9292719471272474,0.9311332825590829,0.9693726441064806,0.9693726441064806,0.985104546362002,0.13431207566877504,0.9995705913073754,0.0
region1--station3-region2--station21.csv,3,21,86165.0,0.9582835272060755,0.9616011583810194,0.013956721081679925,0.9053284022567368,0.9302021492765239,0.9320653479069899,0.9703429870935742,0.9703429870935742,0.986090636999001,0.1358440201938142,0.9969941391516277,0.0
region1--station3-region2--station22.csv,3,22,86165.0,0.957118513959454,0.9596789176654158,0.01307179194840745,0.9116911265059211,0.9218219497334922,0.9500821284887616,0.9693726441064806,0.9693726441064806,0.986090636999001,0.08000928451227296,0.9816050600591888,0.0
region1--station3-region2--station23.csv,3,23,86165.0,0.9468805430535142,0.954846823682633,0.014573006439250046,0.9126451017986117,0.9209418754513263,0.9218637391905169,0.95963541399,0.96059601,0.968359372299,0.42158649103464285,1.0,0.0
region1--station3-region2--station24.csv,3,24,86165.0,0.9453227194377656,0.9443530570903608,0.010799188256029216,0.9209418754513263,0.9293140743190658,0.9302443186377035,0.9586757785760099,0.9586757785760099,0.95963541399,0.5952997156618116,1.0,0.0
region1--station3-region2--station25.csv,3,25,86165.0,0.9448008438560682,0.9452983554458065,0.011895847190831513,0.9209418754513263,0.9209418754513263,0.9293140743190658,0.95963541399,0.95963541399,0.95963541399,0.6129402889804445,1.0,0.0
region1--station3-region2--station26.csv,3,26,86165.0,0.9465355290635752,0.9538919768589503,0.014179486002457543,0.9126451017986117,0.9209418754513263,0.9209418754513263,0.95963541399,0.95963541399,0.968359372299,0.43860035977485057,1.0,0.0
region1--station3-region2--station27.csv,3,27,86165.0,0.9483820028226465,0.954846823682633,0.015421004917022614,0.9126451017986117,0.9209418754513263,0.9209418754513263,0.967391012926701,0.968359372299,0.968359372299,0.3352637381767539,1.0,0.0
region1--station3-region2--station28.csv,3,28,86165.0,0.9446089331406932,0.9452983554458065,0.011257761079076242,0.9209418754513263,0.9293140743190658,0.9302443186377035,0.95963541399,0.95963541399,0.96059601,0.6646085997794928,1.0,0.0
region1--station3-region2--station29.csv,3,29,86165.0,0.9504184656691139,0.9558026263089419,0.017077408460177614,0.9126451017986117,0.9218637391905169,0.9218637391905169,0.968359372299,0.969328701,0.969328701,0.3039401148958394,1.0,0.0
region1--station3-region2--station30.csv,3,30,86165.0,0.9463665898632201,0.9443530570903608,0.00866543295123553,0.9302443186377035,0.9311754941318353,0.9358453718913485,0.9586757785760099,0.9586757785760099,0.9664236219137744,0.6429060523414379,1.0,0.0
region1--station4-region2--station5.csv,4,5,86165.0,0.9416573696840844,0.9405813072038739,0.00507169331692916,0.926486918172435,0.9358453718913485,0.9358453718913485,0.9500821284887616,0.9509900498999999,0.9510331616504121,0.822271223814774,1.0,0.0
region1--station4-region2--station6.csv,4,6,86165.0,0.9449141385013827,0.9443530570903608,0.006030456902376048,0.9283426751801201,0.936782154045394,0.9377198739193133,0.9529380848820913,0.9529380848820913,0.9616011583810194,0.7634538385655428,1.0,0.0
region1--station4-region2--station7.csv,4,7,86165.0,0.9477809971073345,0.9481399317694595,0.011027983488155951,0.9302443186377035,0.9302443186377035,0.9302443186377035,0.95963541399,0.96059601,0.96059601,0.5338942726164916,1.0,0.0
region1--station4-region2--station8.csv,4,8,86165.0,0.9432355479767474,0.9396407258966701,0.0064917365035022465,0.9283426751801201,0.936782154045394,0.9377198739193133,0.9519851467972092,0.9519851467972092,0.9596789176654158,0.7237625485986189,1.0,0.0
region1--station4-region2--station9.csv,4,9,86165.0,0.9417833963749281,0.9405813072038739,0.005211738052535431,0.92741433250494,0.936782154045394,0.936782154045394,0.9500821284887616,0.9500821284887616,0.9500821284887616,0.8672082632159229,1.0,0.0
region1--station4-region2--station10.csv,4,10,86165.0,0.9419248979594325,0.9405813072038739,0.004481168675454455,0.92741433250494,0.936782154045394,0.936782154045394,0.9500390598501,0.9500390598501,0.9509900498999999,0.8880171763477049,1.0,0.0
region1--station4-region2--station11.csv,4,11,86165.0,0.9624676682654372,0.9616011583810194,0.012722615334505248,0.9098686559440358,0.9199792276559748,0.9519851467972092,0.9703429870935742,0.9703429870935742,0.9880657804942089,0.06007079440608135,0.9921313758486624,0.0
region1--station4-region2--station12.csv,4,12,86165.0,0.9646248835461422,0.9693726441064806,0.01269498458135382,0.9107794353794151,0.9199792276559748,0.9606395572226385,0.9713143013949691,0.979164286976243,0.9880657804942089,0.05447687576162015,0.9523240294783265,0.0
region1--station4-region2--station13.csv,4,13,86165.0,0.9654037859941561,0.9625637221031226,0.010464827054238384,0.9107794353794151,0.9616011583810194,0.9616011583810194,0.9713143013949691,0.979164286976243,0.9880657804942089,0.028259734230836185,0.9547496083096385,0.0
region1--station4-region2--station14.csv,4,14,86165.0,0.9621273621763132,0.9625637221031226,0.013904052963075118,0.9080498285008035,0.9209001277837586,0.9519851467972092,0.9713143013949691,0.9713143013949691,0.9880657804942089,0.08773864097951604,0.987140950501944,0.0
region1--station4-region2--station15.csv,4,15,86165.0,0.9549898828460835,0.9596789176654158,0.0167799213814977,0.9089587872880917,0.9172220489907107,0.919059248428319,0.9693726441064806,0.9693726441064806,0.986090636999001,0.13796785237625486,0.9998607323159056,0.0
region1--station4-region2--station16.csv,4,16,86165.0,0.9605663114467238,0.9606395572226385,0.013489891616709647,0.9089587872880917,0.919059248428319,0.9510331616504121,0.9693726441064806,0.9703429870935742,0.9870777147137147,0.05576510183949399,0.9817443277432832,0.0
region1--station4-region2--station17.csv,4,17,86165.0,0.9621713397565689,0.9616011583810194,0.011225820784574658,0.9016716410256209,0.9519851467972092,0.9519851467972092,0.9693726441064806,0.9703429870935742,0.9880657804942089,0.032240468867869784,0.9816514826205536,0.0
region1--station4-region2--station18.csv,4,18,86165.0,0.9542504464139229,0.9616011583810194,0.01695191858638282,0.9089587872880917,0.9181401891798906,0.9199792276559748,0.9684032714623741,0.9703429870935742,0.9781851226892668,0.17786804386932048,1.0,0.0
region1--station4-region2--station19.csv,4,19,86165.0,0.9582516321417383,0.9625637221031226,0.015648300973108865,0.9089587872880917,0.9199792276559748,0.9292719471272474,0.9713143013949691,0.9713143013949691,0.9781851226892668,0.14744966053502,1.0,0.0
region1--station4-region2--station20.csv,4,20,86165.0,0.9579090303146465,0.9625637221031226,0.015273699477530206,0.9080498285008035,0.9292719471272474,0.9302021492765239,0.9703429870935742,0.9713143013949691,0.979164286976243,0.18259153948819126,1.0,0.0
region1--station4-region2--station21.csv,4,21,86165.0,0.9596841120995374,0.9635272493524751,0.015577961992560634,0.91630482694172,0.9302021492765239,0.9302021492765239,0.9722865879829521,0.9722865879829521,0.9801444314076507,0.18393779376777114,0.9981314919050659,0.0
region1--station4-region2--station22.csv,4,22,86165.0,0.9608929363949312,0.9625637221031226,0.015054186666268331,0.9071417786723028,0.9209001277837586,0.9292719471272474,0.9713143013949691,0.9713143013949691,0.9880657804942089,0.1095804561016654,0.9894388672895027,0.0
region1--station4-region2--station23.csv,4,23,86165.0,0.9485035235908713,0.9471917918376901,0.010268855379628043,0.9302443186377035,0.9311754941318353,0.9311754941318353,0.96059601,0.96059601,0.96059601,0.5452678001508733,1.0,0.0
region1--station4-region2--station24.csv,4,24,86165.0,0.9487764767900384,0.9462446000458524,0.007047228974950996,0.9321076017335689,0.9405813072038739,0.9405813072038739,0.96059601,0.96059601,0.96059601,0.6617652178958974,1.0,0.0
region1--station4-region2--station25.csv,4,25,86165.0,0.9476178344361942,0.9462446000458524,0.007182767882387574,0.9311754941318353,0.936782154045394,0.9405813072038739,0.95963541399,0.96059601,0.96059601,0.7076539198050252,1.0,0.0
region1--station4-region2--station26.csv,4,26,86165.0,0.9487078162896876,0.9471917918376901,0.009806974910470695,0.9302443186377035,0.9311754941318353,0.9311754941318353,0.96059601,0.96059601,0.96059601,0.5543550165380375,1.0,0.0
region1--station4-region2--station27.csv,4,27,86165.0,0.9497144361196758,0.9558026263089419,0.011114313723188564,0.9302443186377035,0.9311754941318353,0.9311754941318353,0.96059601,0.96059601,0.970299,0.43516509023385364,1.0,0.0
region1--station4-region2--station28.csv,4,28,86165.0,0.9467759227126729,0.9462446000458524,0.006557542643144472,0.9311754941318353,0.9377198739193133,0.9396407258966701,0.9586757785760099,0.95963541399,0.96059601,0.7315963558289329,1.0,0.0
region1--station4-region2--station29.csv,4,29,86165.0,0.9501242069987541,0.9567593856946366,0.013359268794970956,0.9209418754513263,0.9302443186377035,0.9302443186377035,0.96059601,0.969328701,0.970299,0.3760807752567748,1.0,0.0
region1--station4-region2--station30.csv,4,30,86165.0,0.9503183366597657,0.9471917918376901,0.0062307359218048575,0.9377198739193133,0.9415228300339079,0.9424652953292371,0.95963541399,0.95963541399,0.9635272493524751,0.5337550049323971,1.0,0.0
region1--station5-region2--station11.csv,5,11,86165.0,0.9568579010008456,0.9654571982918606,0.02011845195471504,0.9144731335926635,0.9153885221147783,0.9153885221147783,0.969328701,0.9732598478307829,0.9771626393199,0.2163291359600766,1.0,0.0
region1--station5-region2--station12.csv,5,12,86165.0,0.948185838569515,0.954846823682633,0.015571988291928575,0.9144731335926635,0.9227865257162331,0.9227865257162331,0.967391012926701,0.968359372299,0.968359372299,0.321116462600824,1.0,0.0
region1--station5-region2--station13.csv,5,13,86165.0,0.9538548660398131,0.9644917410935687,0.018696556202578908,0.9135586604590709,0.9227865257162331,0.9227865257162331,0.968359372299,0.968359372299,0.9761854766805801,0.24533163117274995,1.0,0.0
region1--station5-region2--station14.csv,5,14,86165.0,0.9597028120762446,0.9654571982918606,0.020267141363156983,0.9062346368936304,0.9144731335926635,0.91630482694172,0.9771626393199,0.9771626393199,0.9771626393199,0.1782510300005803,1.0,0.0
region1--station5-region2--station15.csv,5,15,86165.0,0.9467874558962004,0.954846823682633,0.013612578301477897,0.9227865257162331,0.9237102359521853,0.9311754941318353,0.96059601,0.96059601,0.969328701,0.4663842627516973,1.0,0.0
region1--station5-region2--station16.csv,5,16,86165.0,0.9492855988336335,0.9558026263089419,0.017031742644597673,0.9153885221147783,0.9237102359521853,0.9237102359521853,0.968359372299,0.969328701,0.969328701,0.3244240700980677,1.0,0.0
region1--station5-region2--station17.csv,5,17,86165.0,0.9503891315017081,0.9558026263089419,0.017598622027744926,0.9153885221147783,0.9237102359521853,0.9237102359521853,0.968359372299,0.969328701,0.969328701,0.2962687866303023,1.0,0.0
region1--station5-region2--station18.csv,5,18,86165.0,0.9440769417457756,0.9452983554458065,0.011002539034026992,0.9237102359521853,0.9321076017335689,0.9321076017335689,0.95963541399,0.95963541399,0.96059601,0.6958045610166541,1.0,0.0
region1--station5-region2--station19.csv,5,19,86165.0,0.9433691958603095,0.9443530570903608,0.010554120266378168,0.9227865257162331,0.9311754941318353,0.9321076017335689,0.9586757785760099,0.95963541399,0.95963541399,0.6808913131782046,1.0,0.0
region1--station5-region2--station20.csv,5,20,86165.0,0.9413595843315217,0.9424652953292371,0.008211568232508267,0.9227865257162331,0.9311754941318353,0.9311754941318353,0.9500390598501,0.9586757785760099,0.9586757785760099,0.7799338478500552,1.0,0.0
region1--station5-region2--station21.csv,5,21,86165.0,0.9409582093144468,0.9424652953292371,0.00797256289138741,0.9218637391905169,0.9302443186377035,0.9302443186377035,0.9500390598501,0.9500390598501,0.9586757785760099,0.8732548018336912,1.0,0.0
region1--station5-region2--station22.csv,5,22,86165.0,0.9444497701911571,0.9452983554458065,0.011843465456316175,0.9227865257162331,0.9237102359521853,0.9311754941318353,0.95963541399,0.95963541399,0.967391012926701,0.6012185922358266,1.0,0.0
region1--station5-region2--station23.csv,5,23,86165.0,0.9776383144706496,0.9771626393199,0.013076640873890396,0.8971722905246942,0.9752092912038995,0.9752092912038995,0.98604593604099,0.98604593604099,0.994014980014994,0.030685313062148206,0.6061277781001567,0.0005454650960366738
region1--station5-region2--station24.csv,5,24,86165.0,0.9809078615289373,0.9840748302148441,0.004987533919925679,0.9742340819126956,0.9742340819126956,0.9752092912038995,0.985059890104949,0.985059890104949,0.994014980014994,0.0,0.4416410375442465,0.03597748505773806
region1--station5-region2--station25.csv,5,25,86165.0,0.9825006377627065,0.985059890104949,0.004958398767774304,0.9752092912038995,0.9752092912038995,0.9752092912038995,0.98604593604099,0.98604593604099,0.994014980014994,0.0,0.3332211454767017,0.04791968896883886
region1--station5-region2--station26.csv,5,26,86165.0,0.9779461656229106,0.9771626393199,0.01147540365511155,0.8971722905246942,0.9752092912038995,0.9752092912038995,0.985059890104949,0.985059890104949,0.993020965034979,0.0231068299193408,0.6027853536818893,0.003261184935878837
region1--station5-region2--station27.csv,5,27,86165.0,0.9739302908050586,0.9761854766805801,0.014715978793147198,0.9044230738544801,0.967391012926701,0.9742340819126956,0.9840748302148441,0.985059890104949,0.985059890104949,0.0484071258631695,0.8354784425230662,0.0
region1--station5-region2--station28.csv,5,28,86165.0,0.9842838481790394,0.985059890104949,0.00468506001946301,0.9752092912038995,0.9761854766805801,0.9761854766805801,0.98604593604099,0.994014980014994,0.995009990004999,0.0,0.21480879707537864,0.07876748099576394
region1--station5-region2--station29.csv,5,29,86165.0,0.9708454842380579,0.9761854766805801,0.01819218941689083,0.9053284022567368,0.9144731335926635,0.9742340819126956,0.9771626393199,0.9771626393199,0.98604593604099,0.08338652585156386,0.9740497881970638,0.0
region1--station5-region2--station30.csv,5,30,86165.0,0.9786303424672567,0.9752092912038995,0.005069858662508936,0.9664236219137744,0.9742340819126956,0.9742340819126956,0.9840748302148441,0.985059890104949,0.993020965034979,0.0,0.6292230023791563,0.0452155747693379
region1--station6-region2--station11.csv,6,11,86165.0,0.9656226441064707,0.9781407801,0.022830941285827504,0.902615132129845,0.9117324566968131,0.9283426751801201,0.9791198999999999,0.9791198999999999,0.9801,0.19726106887947542,0.9906110369639645,0.0
region1--station6-region2--station12.csv,6,12,86165.0,0.9565564482867798,0.968359372299,0.0170132386177796,0.9209418754513263,0.9218637391905169,0.9292719471272474,0.969328701,0.969328701,0.969328701,0.2927870945279406,1.0,0.0
region1--station6-region2--station13.csv,6,13,86165.0,0.9623581704027216,0.969328701,0.020471965014520775,0.9117324566968131,0.9209418754513263,0.9218637391905169,0.9791198999999999,0.9791198999999999,0.9801,0.2262635640921488,0.9787152556142286,0.0
region1--station6-region2--station14.csv,6,14,86165.0,0.9683072387561831,0.9791198999999999,0.021283283179089958,0.9117324566968131,0.9117324566968131,0.9283426751801201,0.9791198999999999,0.9801,0.9801,0.1591829629199791,0.9064005106481751,0.0
region1--station6-region2--station15.csv,6,15,86165.0,0.9507514198147401,0.9586757785760099,0.015514977469726398,0.9117324566968131,0.9209418754513263,0.9293140743190658,0.968359372299,0.969328701,0.969328701,0.34712470260546624,1.0,0.0
region1--station6-region2--station16.csv,6,16,86165.0,0.9548367591210187,0.967391012926701,0.018477712577949928,0.9117324566968131,0.9209418754513263,0.9209418754513263,0.969328701,0.969328701,0.970299,0.30186270527476355,1.0,0.0
region1--station6-region2--station17.csv,6,17,86165.0,0.9569700411802478,0.968359372299,0.018428045483439744,0.9200209335758751,0.9209418754513263,0.9209418754513263,0.969328701,0.969328701,0.969328701,0.27720071954970116,1.0,0.0
region1--station6-region2--station18.csv,6,18,86165.0,0.9494457476766268,0.9577171027974339,0.01136445384623891,0.9302443186377035,0.9302443186377035,0.9311754941318353,0.9586757785760099,0.95963541399,0.95963541399,0.43103348227238436,1.0,0.0
region1--station6-region2--station19.csv,6,19,86165.0,0.9504248064338866,0.9577171027974339,0.010335561395662758,0.9302443186377035,0.9311754941318353,0.9321076017335689,0.9586757785760099,0.95963541399,0.95963541399,0.4319039052979748,1.0,0.0
region1--station6-region2--station20.csv,6,20,86165.0,0.9498781036525379,0.9481399317694595,0.007296772039460655,0.9321076017335689,0.938658532451765,0.9415228300339079,0.9586757785760099,0.95963541399,0.95963541399,0.6037950443915743,1.0,0.0
region1--station6-region2--station21.csv,6,21,86165.0,0.9510025739974438,0.9481399317694595,0.006828731640125714,0.9330406423759448,0.9415228300339079,0.9424652953292371,0.95963541399,0.95963541399,0.96059601,0.5316543840306389,1.0,0.0
region1--station6-region2--station22.csv,6,22,86165.0,0.951893037160953,0.9586757785760099,0.012197492942238363,0.9218637391905169,0.9311754941318353,0.9311754941318353,0.967391012926701,0.968359372299,0.969328701,0.3595891603319213,1.0,0.0
region1--station6-region2--station23.csv,6,23,86165.0,0.9852466083369358,0.98901,0.01558811085764148,0.902615132129845,0.9791198999999999,0.9801,0.99,0.99,0.99,0.04460047583125399,0.0776881564440318,0.4755759299019323
region1--station6-region2--station24.csv,6,24,86165.0,0.9928513785205552,0.99,0.004599563838784876,0.9218219497334922,0.98901,0.98901,0.999,0.999,0.999,0.00027853536818893984,0.00027853536818893984,0.7226135902048395
region1--station6-region2--station25.csv,6,25,86165.0,0.9932767889270366,0.99,0.00553009146566699,0.9126037302361572,0.98901,0.98901,0.999,0.999,0.999,0.001868508094934138,0.001868508094934138,0.8602448790111994
region1--station6-region2--station26.csv,6,26,86165.0,0.9861377917083451,0.98901,0.014125294039625286,0.902615132129845,0.9801,0.98802099,0.99,0.99,0.999,0.03702199268844659,0.04860442174897,0.4625660070794406
region1--station6-region2--station27.csv,6,27,86165.0,0.9824907498582368,0.98901,0.017139461440680563,0.902615132129845,0.9292719471272474,0.9791198999999999,0.99,0.99,0.99,0.062322288632275284,0.16122555562003132,0.2640167121220913
region1--station6-region2--station28.csv,6,28,86165.0,0.9951973762402216,0.999,0.005420996984958461,0.9126037302361572,0.98901,0.99,1.0,1.0,1.0,0.0010561132710497302,0.0010561132710497302,0.9463123077815818
region1--station6-region2--station29.csv,6,29,86165.0,0.9773572694160668,0.9801,0.020296210894683833,0.902615132129845,0.9199792276559748,0.970299,0.99,0.99,0.99,0.09730168862066965,0.32355364707247725,0.1436197992224221
region1--station6-region2--station30.csv,6,30,86165.0,0.9919821873592063,0.98901,0.004331585180967275,0.9801,0.98802099,0.98901,0.998001,0.998001,0.998001,0.0,0.0,0.4326698775604944
region1--station7-region2--station11.csv,7,11,86165.0,0.9526179066012421,0.9586757785760099,0.012962220078058258,0.9218637391905169,0.9311754941318353,0.9311754941318353,0.968359372299,0.968359372299,0.969328701,0.34863343584982304,1.0,0.0
region1--station7-region2--station12.csv,7,12,86165.0,0.9493585332357409,0.9490890207902498,0.005620786352867136,0.9330406423759448,0.9415228300339079,0.9415228300339079,0.9577171027974339,0.9577171027974339,0.9586757785760099,0.7140718389137121,1.0,0.0
region1--station7-region2--station13.csv,7,13,86165.0,0.9519374708915256,0.9586757785760099,0.009487640973757636,0.9311754941318353,0.9321076017335689,0.9330406423759448,0.9586757785760099,0.95963541399,0.968359372299,0.3768119305982708,1.0,0.0
region1--station7-region2--station14.csv,7,14,86165.0,0.9559981586599553,0.95963541399,0.01500363362127394,0.9227865257162331,0.9311754941318353,0.9311754941318353,0.968359372299,0.969328701,0.969328701,0.3105553298903267,1.0,0.0
region1--station7-region2--station15.csv,7,15,86165.0,0.946338762093014,0.9471917918376901,0.004437714301759982,0.936782154045394,0.938658532451765,0.9405813072038739,0.9538919768589503,0.9538919768589503,0.954846823682633,0.759124934718273,1.0,0.0
region1--station7-region2--station16.csv,7,16,86165.0,0.9473599703013159,0.9471917918376901,0.006404842856020421,0.9311754941318353,0.9396407258966701,0.9405813072038739,0.9586757785760099,0.9586757785760099,0.95963541399,0.7556316369755701,1.0,0.0
region1--station7-region2--station17.csv,7,17,86165.0,0.9487744378238813,0.9481399317694595,0.007539919388494712,0.9311754941318353,0.9321076017335689,0.9405813072038739,0.9586757785760099,0.9586757785760099,0.95963541399,0.6611965415191783,1.0,0.0
region1--station7-region2--station18.csv,7,18,86165.0,0.9477344008112245,0.9490890207902498,0.006152822569387884,0.9292719471272474,0.9377198739193133,0.938658532451765,0.954846823682633,0.954846823682633,0.9635272493524751,0.5386409795160448,1.0,0.0
region1--station7-region2--station19.csv,7,19,86165.0,0.9486146602566878,0.9510331616504121,0.006609353203167453,0.9377198739193133,0.938658532451765,0.938658532451765,0.9558026263089419,0.9558026263089419,0.9644917410935687,0.4727093367376545,1.0,0.0
region1--station7-region2--station20.csv,7,20,86165.0,0.9516327048328439,0.9529380848820913,0.009671872336512951,0.9292719471272474,0.938658532451765,0.938658532451765,0.9644917410935687,0.9644917410935687,0.9654571982918606,0.3567457784483259,1.0,0.0
region1--station7-region2--station21.csv,7,21,86165.0,0.9536159905385845,0.9567593856946366,0.010199550322940447,0.9283426751801201,0.9377198739193133,0.938658532451765,0.9654571982918606,0.9654571982918606,0.9732598478307829,0.36048279463819416,1.0,0.0
region1--station7-region2--station22.csv,7,22,86165.0,0.9496304080365123,0.9490890207902498,0.004720770370900138,0.938658532451765,0.938658532451765,0.9424652953292371,0.9558026263089419,0.9558026263089419,0.9635272493524751,0.5644519236348866,1.0,0.0
region1--station7-region2--station23.csv,7,23,86165.0,1.0,1.0,0.0,1.0,1.0,1.0,1.0,1.0,1.0,0.0,0.0,1.0
region1--station7-region2--station24.csv,7,24,86165.0,0.9988101085127373,1.0,0.0027191577210271796,0.99,0.99,0.999,1.0,1.0,1.0,0.0,0.0,1.0
region1--station7-region2--station25.csv,7,25,86165.0,1.0,1.0,0.0,1.0,1.0,1.0,1.0,1.0,1.0,0.0,0.0,1.0
region1--station7-region2--station26.csv,7,26,86165.0,1.0,1.0,0.0,1.0,1.0,1.0,1.0,1.0,1.0,0.0,0.0,1.0
region1--station7-region2--station27.csv,7,27,86165.0,1.0,1.0,0.0,1.0,1.0,1.0,1.0,1.0,1.0,0.0,0.0,1.0
region1--station7-region2--station28.csv,7,28,86165.0,1.0,1.0,0.0,1.0,1.0,1.0,1.0,1.0,1.0,0.0,0.0,1.0
region1--station7-region2--station29.csv,7,29,86165.0,1.0,1.0,0.0,1.0,1.0,1.0,1.0,1.0,1.0,0.0,0.0,1.0
region1--station7-region2--station30.csv,7,30,86165.0,0.9966840945975748,0.999,0.003852848212397934,0.98901,0.99,0.99,0.999,0.999,0.999,0.0,0.0,0.9719491672953056
region1--station8-region2--station11.csv,8,11,86165.0,0.9663473540663341,0.9781407801,0.02305458774858901,0.9035186507806255,0.9117324566968131,0.9181401891798906,0.9801,0.9801,0.9801,0.16355828932861372,0.7893460221667731,0.0
region1--station8-region2--station12.csv,8,12,86165.0,0.95654374587374,0.967391012926701,0.020662006183161236,0.9108207242401164,0.9117324566968131,0.9200209335758751,0.970299,0.970299,0.9791198999999999,0.25908431497707884,1.0,0.0
region1--station8-region2--station13.csv,8,13,86165.0,0.9630566733253314,0.970299,0.02261953936192265,0.902615132129845,0.9117324566968131,0.919059248428319,0.9801,0.9801,0.9801,0.19256078454128706,0.8849532872976267,0.0
region1--station8-region2--station14.csv,8,14,86165.0,0.9710468307831529,0.9781407801,0.02233125824764037,0.902615132129845,0.9117324566968131,0.919059248428319,0.98703296901,0.98802099,0.98901,0.1254801833691174,0.7505947890674868,0.0
region1--station8-region2--station15.csv,8,15,86165.0,0.9530353119386117,0.95963541399,0.019156897011564217,0.9126451017986117,0.9209418754513263,0.9218637391905169,0.969328701,0.969328701,0.970299,0.31342192305460453,1.0,0.0
region1--station8-region2--station16.csv,8,16,86165.0,0.9559729419201295,0.968359372299,0.02081965782917864,0.9117324566968131,0.9135586604590709,0.9209418754513263,0.969328701,0.970299,0.970299,0.2681599257239018,1.0,0.0
region1--station8-region2--station17.csv,8,17,86165.0,0.9576709371685846,0.968359372299,0.021741184360216863,0.9117324566968131,0.9126451017986117,0.9126451017986117,0.9771626393199,0.9791198999999999,0.9801,0.24349793999883942,0.9571519758602681,0.0
region1--station8-region2--station18.csv,8,18,86165.0,0.9487883209564263,0.9577171027974339,0.016073347598300626,0.9209418754513263,0.9209418754513263,0.9209418754513263,0.96059601,0.969328701,0.970299,0.3552834677653339,1.0,0.0
region1--station8-region2--station19.csv,8,19,86165.0,0.9491840548911077,0.9567593856946366,0.014854627979223309,0.9117324566968131,0.9209418754513263,0.9283847602447467,0.96059601,0.969328701,0.970299,0.37103232170835027,1.0,0.0
region1--station8-region2--station20.csv,8,20,86165.0,0.9481959002186814,0.9558026263089419,0.011329888692915801,0.9302443186377035,0.9302443186377035,0.9302443186377035,0.96059601,0.96059601,0.96059601,0.49568850461324204,1.0,0.0
region1--station8-region2--station21.csv,8,21,86165.0,0.9489445306565205,0.954846823682633,0.010752222984972972,0.9283426751801201,0.9311754941318353,0.9311754941318353,0.96059601,0.96059601,0.969328701,0.48596297800731153,1.0,0.0
region1--station8-region2--station22.csv,8,22,86165.0,0.9515504130856555,0.9577171027974339,0.017149816347387145,0.9117324566968131,0.9200209335758751,0.9209418754513263,0.970299,0.970299,0.970299,0.32856728369987814,1.0,0.0
region1--station8-region2--station23.csv,8,23,86165.0,0.9736733793599769,0.9791198999999999,0.02032388967329808,0.8944834642728193,0.919059248428319,0.9771626393199,0.98802099,0.98802099,0.98901,0.0950153774734521,0.7832762722683224,0.0
region1--station8-region2--station24.csv,8,24,86165.0,0.9825615191061648,0.98703296901,0.013894618877657045,0.8935889808085465,0.9771626393199,0.9781407801,0.98802099,0.98802099,0.98802099,0.03432948412928683,0.2838739627458945,0.0
region1--station8-region2--station25.csv,8,25,86165.0,0.9821810311325779,0.98703296901,0.016078357918522704,0.8935889808085465,0.9771626393199,0.9781407801,0.98901,0.98901,0.98901,0.044832588638078104,0.2795914814599896,0.0
region1--station8-region2--station26.csv,8,26,86165.0,0.9741337591254533,0.9791198999999999,0.0194760336105347,0.8944834642728193,0.919059248428319,0.9771626393199,0.98802099,0.98802099,0.98901,0.0874368943306447,0.8088202866593164,0.0
region1--station8-region2--station27.csv,8,27,86165.0,0.9713102106148176,0.9771626393199,0.02029173575114341,0.9017125169977152,0.9108207242401164,0.9283426751801201,0.9791198999999999,0.9801,0.98802099,0.11273719027447339,0.943840306388905,0.0
region1--station8-region2--station28.csv,8,28,86165.0,0.9840484193225641,0.98802099,0.015755569009559437,0.8944834642728193,0.9781407801,0.9791198999999999,0.98901,0.98901,0.98901,0.04167585446527012,0.13551906226426044,0.0
region1--station8-region2--station29.csv,8,29,86165.0,0.968354957872881,0.9771626393199,0.02246800553054901,0.902615132129845,0.9108207242401164,0.926486918172435,0.9801,0.9801,0.98802099,0.14771659026286776,0.8879243312249754,0.0
region1--station8-region2--station30.csv,8,30,86165.0,0.9835962727168459,0.98604593604099,0.0071648794633217255,0.902615132129845,0.9771626393199,0.9781407801,0.98703296901,0.98802099,0.996005996001,0.00808913131782046,0.31856322172575874,0.015888121627110775
region1--station9-region2--station11.csv,9,11,86165.0,0.964312669723597,0.9761854766805801,0.022626978588240667,0.9044230738544801,0.9135586604590709,0.9172220489907107,0.9791198999999999,0.9791198999999999,0.9801,0.1804677073057506,0.9852608367666686,0.0
region1--station9-region2--station12.csv,9,12,86165.0,0.9538439350537493,0.9654571982918606,0.019368306615720452,0.9126451017986117,0.9209418754513263,0.9209418754513263,0.969328701,0.970299,0.970299,0.27599373295421575,1.0,0.0
region1--station9-region2--station13.csv,9,13,86165.0,0.9600875118264478,0.967391012926701,0.02155071969664775,0.9044230738544801,0.9126451017986117,0.9172220489907107,0.9781407801,0.9781407801,0.9791198999999999,0.20947020251842396,1.0,0.0
region1--station9-region2--station14.csv,9,14,86165.0,0.9680668070607438,0.9761854766805801,0.022182488524192974,0.9035186507806255,0.9126451017986117,0.9172220489907107,0.9791198999999999,0.9791198999999999,0.98703296901,0.14238960134625428,0.9887773457900539,0.0
region1--station9-region2--station15.csv,9,15,86165.0,0.9503465967755287,0.9577171027974339,0.01767800503293989,0.9144731335926635,0.9227865257162331,0.9227865257162331,0.969328701,0.970299,0.970299,0.33160796146927407,1.0,0.0
region1--station9-region2--station16.csv,9,16,86165.0,0.9543994858747364,0.9664236219137744,0.019809358978979928,0.9135586604590709,0.9218637391905169,0.9227865257162331,0.970299,0.970299,0.970299,0.2850693437010387,1.0,0.0
region1--station9-region2--station17.csv,9,17,86165.0,0.9558181704322177,0.9664236219137744,0.02024831182328422,0.9126451017986117,0.9172220489907107,0.9218637391905169,0.970299,0.970299,0.9791198999999999,0.2604073579759763,1.0,0.0
region1--station9-region2--station18.csv,9,18,86165.0,0.9472189694464507,0.9558026263089419,0.014154099950068886,0.9218637391905169,0.9227865257162331,0.9246348708230083,0.96059601,0.96059601,0.970299,0.421934660244879,1.0,0.0
region1--station9-region2--station19.csv,9,19,86165.0,0.9465203149213651,0.954846823682633,0.014053976334754114,0.9209418754513263,0.9218637391905169,0.9218637391905169,0.96059601,0.96059601,0.969328701,0.4666976150409099,1.0,0.0
region1--station9-region2--station20.csv,9,20,86165.0,0.9450483074128718,0.9452983554458065,0.01169335595869534,0.9209418754513263,0.9293140743190658,0.9293140743190658,0.95963541399,0.96059601,0.96059601,0.6545465096036673,1.0,0.0
region1--station9-region2--station21.csv,9,21,86165.0,0.9458472621608457,0.9452983554458065,0.010819753597243895,0.9209418754513263,0.9302443186377035,0.9302443186377035,0.95963541399,0.95963541399,0.96059601,0.6223060407357976,1.0,0.0
region1--station9-region2--station22.csv,9,22,86165.0,0.9483963691395718,0.9558026263089419,0.015776719288932393,0.9209418754513263,0.9209418754513263,0.9218637391905169,0.9644917410935687,0.969328701,0.970299,0.374119422039111,1.0,0.0
region1--station9-region2--station23.csv,9,23,86165.0,0.9736853944993882,0.9781407801,0.01861244948284391,0.8953788431159353,0.9181401891798906,0.9761854766805801,0.98604593604099,0.98703296901,0.98703296901,0.07832646666279812,0.8336679626298381,0.0
region1--station9-region2--station24.csv,9,24,86165.0,0.9815042833208631,0.985059890104949,0.010441055306089112,0.8944834642728193,0.9761854766805801,0.9761854766805801,0.98703296901,0.98703296901,0.995009990004999,0.017640573318632856,0.3991411826147508,0.010433470666744037
region1--station9-region2--station25.csv,9,25,86165.0,0.9817286962065557,0.98604593604099,0.012920102584663199,0.8953788431159353,0.9771626393199,0.9771626393199,0.98703296901,0.98703296901,0.995009990004999,0.028143677827424128,0.331886496837463,0.001137352753438171
region1--station9-region2--station26.csv,9,26,86165.0,0.9744117756917182,0.9781407801,0.017855482527188233,0.8953788431159353,0.9181401891798906,0.9752092912038995,0.98604593604099,0.98703296901,0.98703296901,0.07074798351999072,0.7945221377589509,0.0
region1--station9-region2--station27.csv,9,27,86165.0,0.9708292786286786,0.9761854766805801,0.019224735505668705,0.8953788431159353,0.9181401891798906,0.9664236219137744,0.9781407801,0.9781407801,0.98703296901,0.09604827946381941,0.9633725990831544,0.0
region1--station9-region2--station28.csv,9,28,86165.0,0.983448319015245,0.98703296901,0.012553991672413538,0.8953788431159353,0.9771626393199,0.9781407801,0.98802099,0.98802099,0.996005996001,0.024986943654616144,0.21044507630708525,0.004131607961469274
region1--station9-region2--station29.csv,9,29,86165.0,0.9682101597471917,0.9761854766805801,0.021455436479964434,0.9035186507806255,0.9126451017986117,0.9181401891798906,0.9791198999999999,0.9791198999999999,0.98703296901,0.13102767945221377,0.9918180235594499,0.0
region1--station9-region2--station30.csv,9,30,86165.0,0.9816463229137414,0.985059890104949,0.005282282663654629,0.9107794353794151,0.9752092912038995,0.9761854766805801,0.98604593604099,0.98604593604099,0.994014980014994,0.0008588173852492312,0.4606626820634829,0.03836824696802646
region1--station10-region2--station11.csv,10,11,86165.0,0.9582866909746122,0.9664236219137744,0.020992243928177143,0.9135586604590709,0.9144731335926635,0.9172220489907107,0.9752092912038995,0.9781407801,0.9781407801,0.22060001160564033,1.0,0.0
region1--station10-region2--station12.csv,10,12,86165.0,0.9494640784744703,0.9558026263089419,0.016607890663478512,0.9135586604590709,0.9218637391905169,0.9227865257162331,0.968359372299,0.969328701,0.969328701,0.3190970811814542,1.0,0.0
region1--station10-region2--station13.csv,10,13,86165.0,0.9549352274761066,0.9654571982918606,0.01958850140578305,0.9126451017986117,0.9144731335926635,0.9218637391905169,0.969328701,0.969328701,0.9771626393199,0.2496025068183137,1.0,0.0
region1--station10-region2--station14.csv,10,14,86165.0,0.9614938603906191,0.968359372299,0.021443877680666766,0.9053284022567368,0.9135586604590709,0.9172220489907107,0.9781407801,0.9781407801,0.9781407801,0.18252190564614404,1.0,0.0
region1--station10-region2--station15.csv,10,15,86165.0,0.9473472011724277,0.9558026263089419,0.013778197367716023,0.9227865257162331,0.9237102359521853,0.9311754941318353,0.96059601,0.96059601,0.970299,0.42676260662682064,1.0,0.0
region1--station10-region2--station16.csv,10,16,86165.0,0.9499525719206565,0.9567593856946366,0.017625969920323545,0.9144731335926635,0.9227865257162331,0.9237102359521853,0.969328701,0.970299,0.970299,0.32711657865722743,1.0,0.0
region1--station10-region2--station17.csv,10,17,86165.0,0.9516187620676341,0.9567593856946366,0.018368036879407697,0.9144731335926635,0.9227865257162331,0.9227865257162331,0.969328701,0.969328701,0.970299,0.3005396622758661,1.0,0.0
region1--station10-region2--station18.csv,10,18,86165.0,0.9449342684399323,0.9462446000458524,0.011849524014702803,0.9227865257162331,0.9311754941318353,0.9311754941318353,0.96059601,0.96059601,0.96059601,0.6440317994545349,1.0,0.0
region1--station10-region2--station19.csv,10,19,86165.0,0.944045115574032,0.9452983554458065,0.011125119326442072,0.9218637391905169,0.9302443186377035,0.9311754941318353,0.95963541399,0.95963541399,0.96059601,0.6985550977775199,1.0,0.0
region1--station10-region2--station20.csv,10,20,86165.0,0.9426336569999598,0.9434087040332704,0.009251486413773267,0.9218637391905169,0.9302443186377035,0.9302443186377035,0.9586757785760099,0.95963541399,0.95963541399,0.7393953461382232,1.0,0.0
region1--station10-region2--station21.csv,10,21,86165.0,0.9431504934834261,0.9434087040332704,0.008354119849025935,0.9209418754513263,0.9302443186377035,0.9302443186377035,0.9586757785760099,0.9586757785760099,0.95963541399,0.7347879069227644,1.0,0.0
region1--station10-region2--station22.csv,10,22,86165.0,0.9451020209329294,0.9452983554458065,0.012681457577422528,0.9218637391905169,0.9227865257162331,0.9302443186377035,0.95963541399,0.95963541399,0.967391012926701,0.5786572274125225,1.0,0.0
region1--station10-region2--station23.csv,10,23,86165.0,0.9794202930947984,0.985059890104949,0.014120747083768646,0.8962751182341694,0.9761854766805801,0.9761854766805801,0.98703296901,0.98703296901,0.98703296901,0.034909766146347124,0.47204781523820577,0.0
region1--station10-region2--station24.csv,10,24,86165.0,0.9835051404626388,0.985059890104949,0.004787859728893831,0.9752092912038995,0.9761854766805801,0.9761854766805801,0.98604593604099,0.994014980014994,0.995009990004999,0.0,0.28019497475773225,0.05853884988104219
region1--station10-region2--station25.csv,10,25,86165.0,0.9850214978366376,0.98604593604099,0.004249821055362126,0.9761854766805801,0.9761854766805801,0.9771626393199,0.98703296901,0.994014980014994,0.995009990004999,0.0,0.1675274183253061,0.05881738524923113
region1--station10-region2--station26.csv,10,26,86165.0,0.9796307154514841,0.985059890104949,0.012550792165275798,0.8962751182341694,0.9761854766805801,0.9761854766805801,0.98604593604099,0.98703296901,0.994014980014994,0.027331283003539722,0.4804154819242152,0.0025532408750652815
region1--station10-region2--station27.csv,10,27,86165.0,0.9750004696469907,0.9771626393199,0.01568436196976948,0.8962751182341694,0.9181401891798906,0.9752092912038995,0.985059890104949,0.98604593604099,0.98604593604099,0.05263157894736842,0.7794115940347008,0.0
region1--station10-region2--station28.csv,10,28,86165.0,0.9865353611673536,0.98703296901,0.0036842181992389456,0.9761854766805801,0.9771626393199,0.985059890104949,0.98703296901,0.995009990004999,0.996005996001,0.0,0.08259734230836187,0.08853943016305925
region1--station10-region2--station29.csv,10,29,86165.0,0.9716357848939849,0.9771626393199,0.01886173006851085,0.8962751182341694,0.9172220489907107,0.9752092912038995,0.9781407801,0.985059890104949,0.98703296901,0.08761097893576278,0.9449080253002959,0.0
region1--station10-region2--station30.csv,10,30,86165.0,0.9817671220008964,0.9840748302148441,0.005594826651794578,0.967391012926701,0.9752092912038995,0.9752092912038995,0.98604593604099,0.994014980014994,0.994014980014994,0.0,0.42562525387338246,0.0878314861022457
region1--station11-region2--station23.csv,11,23,86165.0,0.9535909640739842,0.9577171027974339,0.012411477118758812,0.9227865257162331,0.9321076017335689,0.9321076017335689,0.969328701,0.969328701,0.970299,0.33777055649045434,1.0,0.0
region1--station11-region2--station24.csv,11,24,86165.0,0.9576772597416809,0.967391012926701,0.014074203543020787,0.9237102359521853,0.9321076017335689,0.9321076017335689,0.970299,0.970299,0.970299,0.28197063772993675,1.0,0.0
region1--station11-region2--station25.csv,11,25,86165.0,0.9568189864162521,0.967391012926701,0.014740151529506952,0.9227865257162331,0.9311754941318353,0.9321076017335689,0.969328701,0.970299,0.970299,0.2886438809261301,1.0,0.0
region1--station11-region2--station26.csv,11,26,86165.0,0.9540966274888611,0.9577171027974339,0.012266790510800814,0.9227865257162331,0.9321076017335689,0.9330406423759448,0.969328701,0.969328701,0.970299,0.3310160738118726,1.0,0.0
region1--station11-region2--station27.csv,11,27,86165.0,0.95328961762776,0.9577171027974339,0.009889246181500914,0.9311754941318353,0.9330406423759448,0.938658532451765,0.95963541399,0.969328701,0.970299,0.35661811640457264,1.0,0.0
region1--station11-region2--station28.csv,11,28,86165.0,0.9569975984201795,0.967391012926701,0.01589805500483254,0.9209418754513263,0.9227865257162331,0.9311754941318353,0.969328701,0.969328701,0.970299,0.2844426391226136,1.0,0.0
region1--station11-region2--station29.csv,11,29,86165.0,0.9511037254791819,0.9577171027974339,0.008963596724055181,0.9311754941318353,0.9321076017335689,0.9377198739193133,0.95963541399,0.95963541399,0.95963541399,0.4506702257297046,1.0,0.0
region1--station11-region2--station30.csv,11,30,86165.0,0.9596744602271466,0.9664236219137744,0.013129992899207132,0.9237102359521853,0.9330406423759448,0.9395981305823474,0.970299,0.970299,0.9791198999999999,0.24905704172227702,1.0,0.0
region1--station12-region2--station23.csv,12,23,86165.0,0.9501059652988169,0.9490890207902498,0.005399161035855314,0.9330406423759448,0.9424652953292371,0.9424652953292371,0.9586757785760099,0.9586757785760099,0.95963541399,0.6362908373469506,1.0,0.0
region1--station12-region2--station24.csv,12,24,86165.0,0.9540115808960719,0.9577171027974339,0.006798419486579471,0.9395981305823474,0.9424652953292371,0.9424652953292371,0.95963541399,0.95963541399,0.969328701,0.34233157314454826,1.0,0.0
region1--station12-region2--station25.csv,12,25,86165.0,0.9529399395213138,0.9577171027974339,0.007056196255236892,0.9321076017335689,0.9415228300339079,0.9424652953292371,0.95963541399,0.95963541399,0.95963541399,0.4035629315847502,1.0,0.0
region1--station12-region2--station26.csv,12,26,86165.0,0.9508728840616929,0.9481399317694595,0.005605499742672301,0.938658532451765,0.9424652953292371,0.9424652953292371,0.9586757785760099,0.9586757785760099,0.95963541399,0.5699646027969594,1.0,0.0
region1--station12-region2--station27.csv,12,27,86165.0,0.9510526273074952,0.9490890207902498,0.004649895565201028,0.938658532451765,0.9424652953292371,0.9471917918376901,0.9586757785760099,0.9586757785760099,0.9644917410935687,0.51722857308652,1.0,0.0
region1--station12-region2--station28.csv,12,28,86165.0,0.9526078795838292,0.9586757785760099,0.008118738087712917,0.9321076017335689,0.938658532451765,0.9415228300339079,0.9586757785760099,0.95963541399,0.968359372299,0.3952532931004468,1.0,0.0
region1--station12-region2--station29.csv,12,29,86165.0,0.9499470731816892,0.9490890207902498,0.003559205114517613,0.938658532451765,0.9424652953292371,0.9471917918376901,0.9558026263089419,0.9558026263089419,0.9644917410935687,0.6385191202924622,1.0,0.0
region1--station12-region2--station30.csv,12,30,86165.0,0.955707934260217,0.9567593856946366,0.007403025935799208,0.9395981305823474,0.9434087040332704,0.9443530570903608,0.968359372299,0.970299,0.970299,0.29870597110195557,1.0,0.0
region1--station13-region2--station23.csv,13,23,86165.0,0.9531011628635654,0.9586757785760099,0.009187424167432633,0.9321076017335689,0.9330406423759448,0.938658532451765,0.95963541399,0.967391012926701,0.969328701,0.3655080369059363,1.0,0.0
region1--station13-region2--station24.csv,13,24,86165.0,0.9567136105128391,0.9586757785760099,0.011970297579716993,0.9321076017335689,0.9330406423759448,0.9395981305823474,0.969328701,0.970299,0.970299,0.3062612429640805,1.0,0.0
region1--station13-region2--station25.csv,13,25,86165.0,0.9558676932675301,0.9586757785760099,0.012948204204335581,0.9237102359521853,0.9321076017335689,0.9330406423759448,0.969328701,0.969328701,0.970299,0.31621888237683515,1.0,0.0
region1--station13-region2--station26.csv,13,26,86165.0,0.953803643461256,0.9577171027974339,0.009189462187509606,0.9321076017335689,0.938658532451765,0.9415228300339079,0.95963541399,0.968359372299,0.969328701,0.35671096152730225,1.0,0.0
region1--station13-region2--station27.csv,13,27,86165.0,0.9529586734050401,0.9577171027974339,0.006846242352855951,0.9330406423759448,0.9424652953292371,0.9424652953292371,0.95963541399,0.95963541399,0.95963541399,0.41126907677131086,1.0,0.0
region1--station13-region2--station28.csv,13,28,86165.0,0.9562816631378281,0.95963541399,0.01411390867372848,0.9227865257162331,0.9321076017335689,0.9321076017335689,0.969328701,0.969328701,0.969328701,0.31343352869494573,1.0,0.0
region1--station13-region2--station29.csv,13,29,86165.0,0.950680210213109,0.9490890207902498,0.0064746227448320105,0.9330406423759448,0.9415228300339079,0.9415228300339079,0.9586757785760099,0.9586757785760099,0.95963541399,0.5863053443973771,1.0,0.0
region1--station13-region2--station30.csv,13,30,86165.0,0.9591419261902255,0.9664236219137744,0.011027840908997954,0.9311332825590829,0.940538669251599,0.9424652953292371,0.970299,0.970299,0.970299,0.2901410085301456,1.0,0.0
region1--station14-region2--station23.csv,14,23,86165.0,0.9573145092634682,0.967391012926701,0.014538247866334142,0.9227865257162331,0.9321076017335689,0.9321076017335689,0.969328701,0.969328701,0.969328701,0.29969245053095805,1.0,0.0
region1--station14-region2--station24.csv,14,24,86165.0,0.960855083682188,0.968359372299,0.015085283120409717,0.9227865257162331,0.9321076017335689,0.9330406423759448,0.9771626393199,0.9801,0.9801,0.23900655718679278,0.9483200835606105,0.0
region1--station14-region2--station25.csv,14,25,86165.0,0.9599954715109038,0.968359372299,0.016080206565782296,0.9218637391905169,0.9302021492765239,0.9321076017335689,0.970299,0.9791198999999999,0.9801,0.24950966169558406,0.9892183601230198,0.0
region1--station14-region2--station26.csv,14,26,86165.0,0.957675082861092,0.967391012926701,0.014231141092583834,0.9237102359521853,0.9321076017335689,0.9321076017335689,0.969328701,0.969328701,0.970299,0.29211396738815065,1.0,0.0
region1--station14-region2--station27.csv,14,27,86165.0,0.9560241881780497,0.9586757785760099,0.012433271930836046,0.9237102359521853,0.9321076017335689,0.9330406423759448,0.969328701,0.969328701,0.970299,0.317170544884814,1.0,0.0
region1--station14-region2--station28.csv,14,28,86165.0,0.9606699386012606,0.968359372299,0.017209440935220043,0.9218637391905169,0.9227865257162331,0.9311754941318353,0.9781407801,0.9791198999999999,0.9791198999999999,0.24635292752277607,1.0,0.0
region1--station14-region2--station29.csv,14,29,86165.0,0.9533945016950947,0.9586757785760099,0.011192813138567834,0.9311754941318353,0.9321076017335689,0.9330406423759448,0.968359372299,0.968359372299,0.969328701,0.3523936633203737,1.0,0.0
region1--station14-region2--station30.csv,14,30,86165.0,0.9626577259568394,0.967391012926701,0.014028025147350466,0.9311332825590829,0.9330406423759448,0.9395981305823474,0.9791198999999999,0.9801,0.9801,0.20989961121104858,0.9070040039459177,0.0
region1--station15-region2--station23.csv,15,23,86165.0,0.9473706344941051,0.9471917918376901,0.005005264450138539,0.936782154045394,0.9377198739193133,0.9405813072038739,0.954846823682633,0.954846823682633,0.95963541399,0.5950676028549875,1.0,0.0
region1--station15-region2--station24.csv,15,24,86165.0,0.9498447422971605,0.9471917918376901,0.006076656533505744,0.9330406423759448,0.9415228300339079,0.9424652953292371,0.96059601,0.96059601,0.96059601,0.5879765566065107,1.0,0.0
region1--station15-region2--station25.csv,15,25,86165.0,0.9486604355358516,0.9471917918376901,0.006335175233500019,0.9321076017335689,0.9405813072038739,0.9415228300339079,0.95963541399,0.96059601,0.96059601,0.6883653455579412,1.0,0.0
region1--station15-region2--station26.csv,15,26,86165.0,0.9480508964062138,0.9490890207902498,0.005392015906084925,0.936782154045394,0.9377198739193133,0.9405813072038739,0.954846823682633,0.954846823682633,0.96059601,0.5354262171415308,1.0,0.0
region1--station15-region2--station27.csv,15,27,86165.0,0.9487049571943589,0.9500390598501,0.005809360412513684,0.9358453718913485,0.936782154045394,0.9377198739193133,0.954846823682633,0.954846823682633,0.9635272493524751,0.3879417396854871,1.0,0.0
region1--station15-region2--station28.csv,15,28,86165.0,0.9481441301759183,0.9471917918376901,0.00693268989336221,0.9311754941318353,0.9396407258966701,0.9405813072038739,0.95963541399,0.95963541399,0.96059601,0.7207566877502466,1.0,0.0
region1--station15-region2--station29.csv,15,29,86165.0,0.9477171627499895,0.9500390598501,0.006402179109766801,0.9283426751801201,0.936782154045394,0.9377198739193133,0.954846823682633,0.954846823682633,0.9625637221031226,0.4703301804677073,1.0,0.0
region1--station15-region2--station30.csv,15,30,86165.0,0.9520489260171888,0.9510331616504121,0.005909205269624822,0.9330406423759448,0.9424652953292371,0.9462446000458524,0.96059601,0.96059601,0.9644917410935687,0.4073463703359833,1.0,0.0
region1--station16-region2--station23.csv,16,23,86165.0,0.9486362307548699,0.9471917918376901,0.006343157334215256,0.9321076017335689,0.9405813072038739,0.9405813072038739,0.95963541399,0.95963541399,0.96059601,0.6755527186212499,1.0,0.0
region1--station16-region2--station24.csv,16,24,86165.0,0.9511512776033942,0.9481399317694595,0.007420268744186733,0.9311754941318353,0.9415228300339079,0.9415228300339079,0.96059601,0.96059601,0.970299,0.5195845180757849,1.0,0.0
region1--station16-region2--station25.csv,16,25,86165.0,0.9503765816165813,0.9481399317694595,0.00829204791863853,0.9311754941318353,0.9377198739193133,0.9405813072038739,0.95963541399,0.96059601,0.96059601,0.5361341612023444,1.0,0.0
region1--station16-region2--station26.csv,16,26,86165.0,0.9490830795920245,0.9471917918376901,0.006338724666769129,0.9321076017335689,0.9405813072038739,0.9415228300339079,0.95963541399,0.95963541399,0.96059601,0.6619509081413567,1.0,0.0
region1--station16-region2--station27.csv,16,27,86165.0,0.9488399687090555,0.9471917918376901,0.00546099644880396,0.9377198739193133,0.9415228300339079,0.9415228300339079,0.9577171027974339,0.95963541399,0.96059601,0.5766378459931527,1.0,0.0
region1--station16-region2--station28.csv,16,28,86165.0,0.950053480983189,0.9500390598501,0.009509876347399719,0.9302443186377035,0.9321076017335689,0.9321076017335689,0.95963541399,0.95963541399,0.96059601,0.49075610746822956,1.0,0.0
region1--station16-region2--station29.csv,16,29,86165.0,0.9473027966573055,0.9471917918376901,0.0045924569640180095,0.936782154045394,0.938658532451765,0.9405813072038739,0.954846823682633,0.954846823682633,0.9586757785760099,0.6627400916845587,1.0,0.0
region1--station16-region2--station30.csv,16,30,86165.0,0.9527170327301138,0.9558026263089419,0.007473921429577936,0.9330406423759448,0.9424652953292371,0.9424652953292371,0.96059601,0.96059601,0.970299,0.4434631230778158,1.0,0.0
region1--station17-region2--station23.csv,17,23,86165.0,0.9497248369902317,0.9481399317694595,0.007080628571354692,0.9321076017335689,0.9405813072038739,0.9415228300339079,0.95963541399,0.95963541399,0.95963541399,0.6206696454476875,1.0,0.0
region1--station17-region2--station24.csv,17,24,86165.0,0.9529967842594689,0.9567593856946366,0.008886811950280866,0.9321076017335689,0.938658532451765,0.9415228300339079,0.96059601,0.969328701,0.970299,0.40927290663262345,1.0,0.0
region1--station17-region2--station25.csv,17,25,86165.0,0.9521489543221264,0.9577171027974339,0.00955649018860259,0.9311754941318353,0.9321076017335689,0.9377198739193133,0.95963541399,0.96059601,0.970299,0.3873730633087681,1.0,0.0
region1--station17-region2--station26.csv,17,26,86165.0,0.95037455942965,0.9481399317694595,0.00697370305332817,0.9321076017335689,0.9415228300339079,0.9415228300339079,0.95963541399,0.95963541399,0.96059601,0.575419253757326,1.0,0.0
region1--station17-region2--station27.csv,17,27,86165.0,0.949865088579736,0.9471917918376901,0.005922329129781719,0.9330406423759448,0.9415228300339079,0.9424652953292371,0.95963541399,0.95963541399,0.96059601,0.6026460859977949,1.0,0.0
region1--station17-region2--station28.csv,17,28,86165.0,0.9519068692226357,0.9577171027974339,0.010707528985533593,0.9311754941318353,0.9321076017335689,0.9321076017335689,0.95963541399,0.9664236219137744,0.969328701,0.3656008820286659,1.0,0.0
region1--station17-region2--station29.csv,17,29,86165.0,0.9482886768393959,0.9481399317694595,0.004586952851303192,0.9377198739193133,0.9415228300339079,0.9415228300339079,0.954846823682633,0.9586757785760099,0.95963541399,0.7101259211977021,1.0,0.0
region1--station17-region2--station30.csv,17,30,86165.0,0.9546522868955526,0.9567593856946366,0.00895156154538954,0.9330406423759448,0.9424652953292371,0.9424652953292371,0.969328701,0.970299,0.970299,0.4003829861312598,1.0,0.0
region1--station18-region2--station23.csv,18,23,86165.0,0.9489937631159854,0.9510331616504121,0.0063649025462479995,0.936782154045394,0.9377198739193133,0.9377198739193133,0.9558026263089419,0.9558026263089419,0.9635272493524751,0.4447977717170545,1.0,0.0
region1--station18-region2--station24.csv,18,24,86165.0,0.9506659157764692,0.9509900498999999,0.005335025100134174,0.936782154045394,0.9377198739193133,0.9462446000458524,0.9558026263089419,0.95963541399,0.9644917410935687,0.36799164393895434,1.0,0.0
region1--station18-region2--station25.csv,18,25,86165.0,0.9490525815896536,0.9490890207902498,0.00493625496397658,0.9377198739193133,0.938658532451765,0.9415228300339079,0.9558026263089419,0.9558026263089419,0.9635272493524751,0.5032205651946846,1.0,0.0
region1--station18-region2--station26.csv,18,26,86165.0,0.9497034049995576,0.9510331616504121,0.0063312674801615,0.936782154045394,0.9377198739193133,0.9377198739193133,0.9558026263089419,0.9558026263089419,0.9644917410935687,0.3742935066442291,1.0,0.0
region1--station18-region2--station27.csv,18,27,86165.0,0.9507825534614696,0.9519851467972092,0.008289423214179224,0.92741433250494,0.936782154045394,0.9377198739193133,0.9606395572226385,0.9644917410935687,0.9644917410935687,0.34380548946788136,1.0,0.0
region1--station18-region2--station28.csv,18,28,86165.0,0.948165801107909,0.9471917918376901,0.004694993700946738,0.9377198739193133,0.9405813072038739,0.9415228300339079,0.954846823682633,0.9558026263089419,0.95963541399,0.6417106713862938,1.0,0.0
region1--station18-region2--station29.csv,18,29,86165.0,0.9494188736278301,0.9519851467972092,0.009210783979203913,0.9283426751801201,0.936782154045394,0.9377198739193133,0.9606395572226385,0.9635272493524751,0.9635272493524751,0.37783322694829685,1.0,0.0
region1--station18-region2--station30.csv,18,30,86165.0,0.9530765826131247,0.9529380848820913,0.005603521339543526,0.936782154045394,0.9452983554458065,0.9462446000458524,0.96059601,0.96059601,0.9654571982918606,0.28512737190274473,1.0,0.0
region1--station19-region2--station23.csv,19,23,86165.0,0.9502047883425151,0.9519851467972092,0.00698775657350591,0.9377198739193133,0.938658532451765,0.938658532451765,0.9567593856946366,0.9616011583810194,0.9644917410935687,0.4470492659432484,1.0,0.0
region1--station19-region2--station24.csv,19,24,86165.0,0.9522132982611214,0.9529380848820913,0.004985311340476102,0.9377198739193133,0.9471917918376901,0.9471917918376901,0.9577171027974339,0.95963541399,0.9654571982918606,0.3327221029420298,1.0,0.0
region1--station19-region2--station25.csv,19,25,86165.0,0.9506798860737173,0.9490890207902498,0.004068539674100767,0.938658532451765,0.9471917918376901,0.9471917918376901,0.9567593856946366,0.9567593856946366,0.9644917410935687,0.5080833284976498,1.0,0.0
region1--station19-region2--station26.csv,19,26,86165.0,0.9510539502099981,0.9519851467972092,0.006839818189056573,0.9377198739193133,0.9377198739193133,0.938658532451765,0.9567593856946366,0.9616011583810194,0.9644917410935687,0.42715719839842164,1.0,0.0
region1--station19-region2--station27.csv,19,27,86165.0,0.9522159805753742,0.9529380848820913,0.009316610704854062,0.9283426751801201,0.9377198739193133,0.9377198739193133,0.9644917410935687,0.9654571982918606,0.9703429870935742,0.3856090059769048,1.0,0.0
region1--station19-region2--station28.csv,19,28,86165.0,0.9498326857174675,0.9490890207902498,0.0037826138492921225,0.938658532451765,0.9424652953292371,0.9471917918376901,0.9558026263089419,0.9558026263089419,0.9644917410935687,0.6251842395404167,1.0,0.0
region1--station19-region2--station29.csv,19,29,86165.0,0.9514556401872002,0.9558026263089419,0.0103351555803355,0.9292719471272474,0.9377198739193133,0.938658532451765,0.9644917410935687,0.9644917410935687,0.9703429870935742,0.36143445714617306,1.0,0.0
region1--station19-region2--station30.csv,19,30,86165.0,0.9545787066002595,0.9567593856946366,0.005675807554419706,0.9377198739193133,0.9462446000458524,0.9471917918376901,0.96059601,0.9625637221031226,0.9664236219137744,0.25808622990773517,1.0,0.0
region1--station20-region2--station23.csv,20,23,86165.0,0.9531890056924962,0.9567593856946366,0.010663438216229549,0.9292719471272474,0.938658532451765,0.938658532451765,0.9654571982918606,0.9654571982918606,0.9732598478307829,0.34074160041780305,1.0,0.0
region1--station20-region2--station24.csv,20,24,86165.0,0.9541520283710122,0.9538919768589503,0.007284751586936872,0.9377198739193133,0.938658532451765,0.9471917918376901,0.9625637221031226,0.9664236219137744,0.9664236219137744,0.37223930830383567,1.0,0.0
region1--station20-region2--station25.csv,20,25,86165.0,0.952160201989274,0.9529380848820913,0.006700217792006828,0.9377198739193133,0.938658532451765,0.9395981305823474,0.9616011583810194,0.9625637221031226,0.9654571982918606,0.44037602274705506,1.0,0.0
region1--station20-region2--station26.csv,20,26,86165.0,0.9535897399880846,0.9567593856946366,0.01056858623450388,0.9292719471272474,0.938658532451765,0.938658532451765,0.9654571982918606,0.9654571982918606,0.9742340819126956,0.3398595717518714,1.0,0.0
region1--station20-region2--station27.csv,20,27,86165.0,0.9559526366952759,0.9625637221031226,0.011861137629205225,0.9292719471272474,0.9377198739193133,0.938658532451765,0.9664236219137744,0.9664236219137744,0.9742340819126956,0.29875239366332035,1.0,0.0
region1--station20-region2--station28.csv,20,28,86165.0,0.9511004654302939,0.9519851467972092,0.005604045410020946,0.938658532451765,0.938658532451765,0.9471917918376901,0.9567593856946366,0.9567593856946366,0.9654571982918606,0.4877502466198573,1.0,0.0
region1--station20-region2--station29.csv,20,29,86165.0,0.9557887503587754,0.9625637221031226,0.012685027038371962,0.9283426751801201,0.9292719471272474,0.9377198739193133,0.9654571982918606,0.9654571982918606,0.9732598478307829,0.28219114489641967,1.0,0.0
region1--station20-region2--station30.csv,20,30,86165.0,0.9563828470023624,0.9577171027974339,0.007618688450913788,0.9377198739193133,0.9462446000458524,0.9471917918376901,0.9664236219137744,0.9664236219137744,0.9752092912038995,0.24494864504149017,1.0,0.0
region1--station21-region2--station23.csv,21,23,86165.0,0.9544438623428076,0.9577171027974339,0.010965071654313225,0.9292719471272474,0.938658532451765,0.938658532451765,0.9664236219137744,0.9664236219137744,0.9742340819126956,0.3387570359194569,1.0,0.0
region1--station21-region2--station24.csv,21,24,86165.0,0.9556329035223234,0.9577171027974339,0.0067585170356240605,0.938658532451765,0.9481399317694595,0.9481399317694595,0.9635272493524751,0.9664236219137744,0.9752092912038995,0.387709626878663,1.0,0.0
region1--station21-region2--station25.csv,21,25,86165.0,0.9540583885397821,0.9538919768589503,0.006798612568678911,0.938658532451765,0.9395981305823474,0.9481399317694595,0.9625637221031226,0.9654571982918606,0.9742340819126956,0.413590204839552,1.0,0.0
region1--station21-region2--station26.csv,21,26,86165.0,0.9549520921552968,0.9577171027974339,0.011122267786858151,0.9292719471272474,0.938658532451765,0.938658532451765,0.9664236219137744,0.9664236219137744,0.9742340819126956,0.33833923286717343,1.0,0.0
region1--station21-region2--station27.csv,21,27,86165.0,0.9571244539777035,0.9635272493524751,0.012303427220812103,0.9292719471272474,0.938658532451765,0.938658532451765,0.9664236219137744,0.9722865879829521,0.9752092912038995,0.29438867289502696,1.0,0.0
region1--station21-region2--station28.csv,21,28,86165.0,0.9525947789100081,0.9529380848820913,0.005594667375010309,0.9377198739193133,0.9471917918376901,0.9481399317694595,0.9577171027974339,0.9625637221031226,0.9654571982918606,0.45972262519584517,1.0,0.0
region1--station21-region2--station29.csv,21,29,86165.0,0.9574857021590751,0.9635272493524751,0.012865745771065246,0.92741433250494,0.9377198739193133,0.9377198739193133,0.9713143013949691,0.9722865879829521,0.9742340819126956,0.267266291417629,1.0,0.0
region1--station21-region2--station30.csv,21,30,86165.0,0.9580119828150212,0.9586757785760099,0.007449834158123619,0.938658532451765,0.9471917918376901,0.9481399317694595,0.967391012926701,0.967391012926701,0.9752092912038995,0.2613125979225904,1.0,0.0
region1--station22-region2--station23.csv,22,23,86165.0,0.9505544332652432,0.9490890207902498,0.004354008896241956,0.9377198739193133,0.9395981305823474,0.9471917918376901,0.9558026263089419,0.9567593856946366,0.9644917410935687,0.52675680380665,1.0,0.0
region1--station22-region2--station24.csv,22,24,86165.0,0.9525433986604189,0.9519851467972092,0.004789420643440554,0.938658532451765,0.9471917918376901,0.9471917918376901,0.95963541399,0.95963541399,0.9654571982918606,0.38719897870365,1.0,0.0
region1--station22-region2--station25.csv,22,25,86165.0,0.9507335224491624,0.9490890207902498,0.004562013933064831,0.938658532451765,0.9424652953292371,0.9471917918376901,0.9586757785760099,0.9586757785760099,0.9644917410935687,0.5523588463993501,1.0,0.0
region1--station22-region2--station26.csv,22,26,86165.0,0.951129761693582,0.9500390598501,0.004380644088532998,0.9377198739193133,0.9471917918376901,0.9471917918376901,0.9567593856946366,0.9567593856946366,0.9644917410935687,0.48754134509371555,1.0,0.0
region1--station22-region2--station27.csv,22,27,86165.0,0.9518448324081601,0.9529380848820913,0.007106774154199375,0.9377198739193133,0.938658532451765,0.938658532451765,0.9616011583810194,0.9644917410935687,0.9654571982918606,0.4181744327743283,1.0,0.0
region1--station22-region2--station28.csv,22,28,86165.0,0.9498092374618395,0.9490890207902498,0.004786434230294821,0.9330406423759448,0.9424652953292371,0.9424652953292371,0.9577171027974339,0.9586757785760099,0.9586757785760099,0.6604769918180236,1.0,0.0
region1--station22-region2--station29.csv,22,29,86165.0,0.9498893770320452,0.9519851467972092,0.008818783853784781,0.9292719471272474,0.938658532451765,0.938658532451765,0.9616011583810194,0.9644917410935687,0.9644917410935687,0.4066384262751697,1.0,0.0
region1--station22-region2--station30.csv,22,30,86165.0,0.9548362148982205,0.9567593856946366,0.004845961512861386,0.9434087040332704,0.9471917918376901,0.9471917918376901,0.95963541399,0.96059601,0.9664236219137744,0.24684036441710672,1.0,0.0
